<suite name="StockhubE2E" verbose="1">
    <test name="End-To-End">
        <classes>
            <class name="actionSteps.approve.evaluation.ApproveEvaluationTest">
                <methods>
                    <included name="testApproveEvaluationsBottomGrid" />
                    <include name="testApproveEvaluationsTopGrid" />
                </methods>
            </class>
            <class name="actionSteps.approve.shortfall.ApproveShortfallTest">
                <methods>
                    <include name="testApprovePendingApproveShortfall" />
                    <include name="testApproveVerifiedPrimeShortfall" />
                </methods>
            </class>
        </classes>
    </test>
</suite>