{"name":"May9_MICROSERVICE TEST- For BNP Paribas Bank,getBanksIDs API Test","id":"userstory-for-paribas-openbank-apis-testing:May9_MICROSERVICE TEST- For BNP Paribas Bank,getBanksIDs API Test","testSteps":[{"number":1,"description":"May9_MICROSERVICE TEST- For BNP Paribas Bank,getBanksIDs API Test #1: {BankID\u003dbnpparibas.07.uk}","duration":14833,"startTime":1525842236726,"result":"SUCCESS","precondition":false,"children":[{"number":2,"description":"Given I as an authorized user who has bank locator role","duration":13058,"startTime":1525842237189,"result":"SUCCESS","precondition":false,"children":[{"number":3,"description":"Post direct login","duration":11479,"startTime":1525842237666,"result":"SUCCESS","precondition":false,"children":[{"number":4,"description":"POST https://bnpparibas-api.openbankproject.com/my/logins/direct\r\r","duration":0,"startTime":1525842249108,"result":"SUCCESS","restQuery":{"method":"POST","path":"https://bnpparibas-api.openbankproject.com/my/logins/direct\r\r","content":"\r","contentType":"application/json","requestHeaders":"Authorization\u003dDirectLogin username\u003d\"kishore529\",password\u003d\"Sriram529#\", consumer_key\u003d\"axptzfroqfqhqut5xefc1rxshmtk5smyqxg2ziop\"\r\n\t\t\t\tAccept\u003d*/*\r\n\t\t\t\tContent-Type\u003dapplication/json; charset\u003dUTF-8\r\r","requestCookies":"\r\r","responseHeaders":"Server: nginx/1.6.2\nDate: Wed, 09 May 2018 05:06:59 GMT\nContent-Type: application/json; charset\u003dutf-8\nContent-Length: 103\nConnection: keep-alive\nSet-Cookie: JSESSIONID\u003d12kwt8js00ypc47w72lntlo0m;Path\u003d/\nExpires: Wed, 9 May 2018 05:06:59 GMT\nAccess-Control-Allow-Origin: *\nCache-Control: no-cache, private, no-store\nCorrelation-Id: 12kwt8js00ypc47w72lntlo0m\nPragma: no-cache\nX-Frame-Options: DENY\nAccess-Control-Allow-Methods: GET, POST, OPTIONS\nAccess-Control-Allow-Headers: DNT,X-CustomHeader,Keep-Alive,User-Agent,X-Requested-With,If-Modified-Since,Cache-Control,Content-Type,authorization,origin,accept,client-security-token\r","responseCookies":"JSESSIONID\u003d12kwt8js00ypc47w72lntlo0m;Path\u003d/\r","responseBody":"{\n    \"token\": \"eyJhbGciOiJIUzI1NiIsInR5cCI6IkpXVCJ9.eyIiOiIifQ.JQ27UbdKcA_QXnt3zEIOSDFYt5LYPwGtAjp_npGwKbw\"\n}","statusCode":201},"precondition":false}]}]},{"number":5,"description":"When I request to get the list of all global bank branches","duration":1303,"startTime":1525842250248,"result":"SUCCESS","precondition":false,"children":[{"number":6,"description":"Get banks","duration":1247,"startTime":1525842250251,"result":"SUCCESS","precondition":false,"children":[{"number":7,"description":"GET https://bnpparibas-api.openbankproject.com/obp/v1.2.1/banks\r\r","duration":0,"startTime":1525842251498,"result":"SUCCESS","restQuery":{"method":"GET","path":"https://bnpparibas-api.openbankproject.com/obp/v1.2.1/banks\r\r","content":"\r","contentType":"application/json","requestHeaders":"Authorization\u003dDirectLogin username\u003d\"kishore529\",password\u003d\"Sriram529#\", token\u003deyJhbGciOiJIUzI1NiIsInR5cCI6IkpXVCJ9.eyIiOiIifQ.JQ27UbdKcA_QXnt3zEIOSDFYt5LYPwGtAjp_npGwKbw\r\n\t\t\t\tAccept\u003d*/*\r\n\t\t\t\tContent-Type\u003dapplication/json; charset\u003dUTF-8\r\r","requestCookies":"\r\r","responseHeaders":"Server: nginx/1.6.2\nDate: Wed, 09 May 2018 05:07:02 GMT\nContent-Type: application/json; charset\u003dutf-8\nContent-Length: 6694\nConnection: keep-alive\nSet-Cookie: JSESSIONID\u003d1191gpph26no71snau8efgcnud;Path\u003d/\nExpires: Wed, 9 May 2018 05:07:02 GMT\nAccess-Control-Allow-Origin: *\nCache-Control: no-cache, private, no-store\nCorrelation-Id: 1191gpph26no71snau8efgcnud\nPragma: no-cache\nX-Frame-Options: DENY\nAccess-Control-Allow-Methods: GET, POST, OPTIONS\nAccess-Control-Allow-Headers: DNT,X-CustomHeader,Keep-Alive,User-Agent,X-Requested-With,If-Modified-Since,Cache-Control,Content-Type,authorization,origin,accept,client-security-token\r","responseCookies":"JSESSIONID\u003d1191gpph26no71snau8efgcnud;Path\u003d/\r","responseBody":"{\n    \"banks\": [\n        {\n            \"id\": \"bnpparibas.07.uk\",\n            \"short_name\": \"uk\",\n            \"full_name\": \"uk\",\n            \"logo\": \"http://static.openbankproject.com/images/bnpp/logo-BNP-Paribas.png\",\n            \"website\": \"https://group.bnpparibas/en/\",\n            \"bank_routing\": {\n                \"scheme\": \"OBP\",\n                \"address\": \"bnpparibas.07.uk\"\n            }\n        },\n        {\n            \"id\": \"bnpparibas.07.fr\",\n            \"short_name\": \"fr\",\n            \"full_name\": \"fr\",\n            \"logo\": \"http://static.openbankproject.com/images/bnpp/logo-BNP-Paribas.png\",\n            \"website\": \"https://group.bnpparibas/en/\",\n            \"bank_routing\": {\n                \"scheme\": \"OBP\",\n                \"address\": \"bnpparibas.07.fr\"\n            }\n        },\n        {\n            \"id\": \"bnpparibas.07.it\",\n            \"short_name\": \"it\",\n            \"full_name\": \"it\",\n            \"logo\": \"http://static.openbankproject.com/images/bnpp/logo-BNP-Paribas.png\",\n            \"website\": \"https://group.bnpparibas/en/\",\n            \"bank_routing\": {\n                \"scheme\": \"OBP\",\n                \"address\": \"bnpparibas.07.it\"\n            }\n        },\n        {\n            \"id\": \"bnpparibas.07.us\",\n            \"short_name\": \"us\",\n            \"full_name\": \"us\",\n            \"logo\": \"http://static.openbankproject.com/images/bnpp/logo-BNP-Paribas.png\",\n            \"website\": \"https://group.bnpparibas/en/\",\n            \"bank_routing\": {\n                \"scheme\": \"OBP\",\n                \"address\": \"bnpparibas.07.us\"\n            }\n        },\n        {\n            \"id\": \"bnpparibas.07.tr\",\n            \"short_name\": \"tr\",\n            \"full_name\": \"tr\",\n            \"logo\": \"http://static.openbankproject.com/images/bnpp/logo-BNP-Paribas.png\",\n            \"website\": \"https://group.bnpparibas/en/\",\n            \"bank_routing\": {\n                \"scheme\": \"OBP\",\n                \"address\": \"bnpparibas.07.tr\"\n            }\n        },\n        {\n            \"id\": \"bnpparibas.07.be\",\n            \"short_name\": \"be\",\n            \"full_name\": \"be\",\n            \"logo\": \"http://static.openbankproject.com/images/bnpp/logo-BNP-Paribas.png\",\n            \"website\": \"https://group.bnpparibas/en/\",\n            \"bank_routing\": {\n                \"scheme\": \"OBP\",\n                \"address\": \"bnpparibas.07.be\"\n            }\n        },\n        {\n            \"id\": \"bnpparibas.07.de\",\n            \"short_name\": \"de\",\n            \"full_name\": \"de\",\n            \"logo\": \"http://static.openbankproject.com/images/bnpp/logo-BNP-Paribas.png\",\n            \"website\": \"https://group.bnpparibas/en/\",\n            \"bank_routing\": {\n                \"scheme\": \"OBP\",\n                \"address\": \"bnpparibas.07.de\"\n            }\n        },\n        {\n            \"id\": \"bnpparibas.07.pl\",\n            \"short_name\": \"pl\",\n            \"full_name\": \"pl\",\n            \"logo\": \"http://static.openbankproject.com/images/bnpp/logo-BNP-Paribas.png\",\n            \"website\": \"https://group.bnpparibas/en/\",\n            \"bank_routing\": {\n                \"scheme\": \"OBP\",\n                \"address\": \"bnpparibas.07.pl\"\n            }\n        },\n        {\n            \"id\": \"warehousebank\",\n            \"short_name\": \"warehousebank\",\n            \"full_name\": \"warehousebank\",\n            \"logo\": \"http://static.openbankproject.com/images/bnpp/logo-BNP-Paribas.png\",\n            \"website\": \"https://group.bnpparibas/fr/\",\n            \"bank_routing\": {\n                \"scheme\": \"OBP\",\n                \"address\": \"warehousebank\"\n            }\n        },\n        {\n            \"id\": \"bnpp-irb.05.us.bow\",\n            \"short_name\": \"BOW\",\n            \"full_name\": \"Bank of the West\",\n            \"logo\": \"https://static.openbankproject.com/images/bnppirb/logo_bnpparibas_irb.png\",\n            \"website\": \"https://www.bankofthewest.com/\",\n            \"bank_routing\": {\n                \"scheme\": \"OBP\",\n                \"address\": \"bnpp-irb.05.us.bow\"\n            }\n        },\n        {\n            \"id\": \"bnpp-irb.05.tr.teb\",\n            \"short_name\": \"TEB\",\n            \"full_name\": \"Türk Ekonomi Bankası A.Ş.\",\n            \"logo\": \"https://static.openbankproject.com/images/bnppirb/logo_bnpparibas_irb.png\",\n            \"website\": \"https://www.teb.com.tr/en/\",\n            \"bank_routing\": {\n                \"scheme\": \"OBP\",\n                \"address\": \"bnpp-irb.05.tr.teb\"\n            }\n        },\n        {\n            \"id\": \"bnpp-irb.05.pl.bgz\",\n            \"short_name\": \"BGZ BNPP\",\n            \"full_name\": \"BGŻ BNP Paribas S.A.\",\n            \"logo\": \"https://www.bgzbnpparibas.pl/\",\n            \"website\": \"https://www.bgzbnpparibas.pl/\",\n            \"bank_routing\": {\n                \"scheme\": \"OBP\",\n                \"address\": \"bnpp-irb.05.pl.bgz\"\n            }\n        },\n        {\n            \"id\": \"bnpp-irb.05.ua.ukrsibbank\",\n            \"short_name\": \"UkrSibbank\",\n            \"full_name\": \"UkrSibbank\",\n            \"logo\": \"https://ukrsibbank.com\",\n            \"website\": \"https://ukrsibbank.com\",\n            \"bank_routing\": {\n                \"scheme\": \"OBP\",\n                \"address\": \"bnpp-irb.05.ua.ukrsibbank\"\n            }\n        },\n        {\n            \"id\": \"bnpp-irb.05.ma.bmci\",\n            \"short_name\": \"bmci\",\n            \"full_name\": \"BMCI\",\n            \"logo\": \"http://www.bmci.ma/\",\n            \"website\": \"http://www.bmci.ma/\",\n            \"bank_routing\": {\n                \"scheme\": \"OBP\",\n                \"address\": \"bnpp-irb.05.ma.bmci\"\n            }\n        },\n        {\n            \"id\": \"bnpp-irb.05.uk.uk\",\n            \"short_name\": \"uk\",\n            \"full_name\": \"uk\",\n            \"logo\": \"https://static.openbankproject.com/images/bnppirb/logo_bnpparibas_irb.png\",\n            \"website\": \"https://group.bnpparibas/\",\n            \"bank_routing\": {\n                \"scheme\": \"OBP\",\n                \"address\": \"bnpp-irb.05.uk.uk\"\n            }\n        },\n        {\n            \"id\": \"bnpp.11.fr.fr\",\n            \"short_name\": \"FR\",\n            \"full_name\": \"FR\",\n            \"logo\": \"https://static.openbankproject.com/images/bnppirb/logo_bnpparibas_irb.png\",\n            \"website\": \"https://group.bnpparibas/\",\n            \"bank_routing\": {\n                \"scheme\": \"OBP\",\n                \"address\": \"bnpp.11.fr.fr\"\n            }\n        },\n        {\n            \"id\": \"bnpp.11.it.it\",\n            \"short_name\": \"it\",\n            \"full_name\": \"it\",\n            \"logo\": \"https://static.openbankproject.com/images/bnppirb/logo_bnpparibas_irb.png\",\n            \"website\": \"https://group.bnpparibas/\",\n            \"bank_routing\": {\n                \"scheme\": \"OBP\",\n                \"address\": \"bnpp.11.it.it\"\n            }\n        },\n        {\n            \"id\": \"bnpp.11.be.be\",\n            \"short_name\": \"be\",\n            \"full_name\": \"be\",\n            \"logo\": \"https://static.openbankproject.com/images/bnppirb/logo_bnpparibas_irb.png\",\n            \"website\": \"https://group.bnpparibas/\",\n            \"bank_routing\": {\n                \"scheme\": \"OBP\",\n                \"address\": \"bnpp.11.be.be\"\n            }\n        },\n        {\n            \"id\": \"bnpp.11.de.de\",\n            \"short_name\": \"de\",\n            \"full_name\": \"de\",\n            \"logo\": \"https://static.openbankproject.com/images/bnppirb/logo_bnpparibas_irb.png\",\n            \"website\": \"https://group.bnpparibas/\",\n            \"bank_routing\": {\n                \"scheme\": \"OBP\",\n                \"address\": \"bnpp.11.de.de\"\n            }\n        },\n        {\n            \"id\": \"bnpp.11.uk.uk\",\n            \"short_name\": \"uk\",\n            \"full_name\": \"uk\",\n            \"logo\": \"https://static.openbankproject.com/images/bnppirb/logo_bnpparibas_irb.png\",\n            \"website\": \"https://group.bnpparibas/\",\n            \"bank_routing\": {\n                \"scheme\": \"OBP\",\n                \"address\": \"bnpp.11.uk.uk\"\n            }\n        },\n        {\n            \"id\": \"bnpp.11.sg.sg\",\n            \"short_name\": \"sg\",\n            \"full_name\": \"sg\",\n            \"logo\": \"https://static.openbankproject.com/images/bnppirb/logo_bnpparibas_irb.png\",\n            \"website\": \"https://group.bnpparibas/\",\n            \"bank_routing\": {\n                \"scheme\": \"OBP\",\n                \"address\": \"bnpp.11.sg.sg\"\n            }\n        },\n        {\n            \"id\": \"bnpp.12.fr.fr\",\n            \"short_name\": \"FR\",\n            \"full_name\": \"FR\",\n            \"logo\": \"https://static.openbankproject.com/images/bnppirb/logo_bnpparibas_irb.png\",\n            \"website\": \"https://group.bnpparibas/\",\n            \"bank_routing\": {\n                \"scheme\": \"OBP\",\n                \"address\": \"bnpp.12.fr.fr\"\n            }\n        },\n        {\n            \"id\": \"bnpp.12.it.it\",\n            \"short_name\": \"it\",\n            \"full_name\": \"it\",\n            \"logo\": \"https://static.openbankproject.com/images/bnppirb/logo_bnpparibas_irb.png\",\n            \"website\": \"https://group.bnpparibas/\",\n            \"bank_routing\": {\n                \"scheme\": \"OBP\",\n                \"address\": \"bnpp.12.it.it\"\n            }\n        },\n        {\n            \"id\": \"bnpp.12.be.be\",\n            \"short_name\": \"be\",\n            \"full_name\": \"be\",\n            \"logo\": \"https://static.openbankproject.com/images/bnppirb/logo_bnpparibas_irb.png\",\n            \"website\": \"https://group.bnpparibas/\",\n            \"bank_routing\": {\n                \"scheme\": \"OBP\",\n                \"address\": \"bnpp.12.be.be\"\n            }\n        },\n        {\n            \"id\": \"bnpp.12.de.de\",\n            \"short_name\": \"de\",\n            \"full_name\": \"de\",\n            \"logo\": \"https://static.openbankproject.com/images/bnppirb/logo_bnpparibas_irb.png\",\n            \"website\": \"https://group.bnpparibas/\",\n            \"bank_routing\": {\n                \"scheme\": \"OBP\",\n                \"address\": \"bnpp.12.de.de\"\n            }\n        },\n        {\n            \"id\": \"bnpp.12.uk.uk\",\n            \"short_name\": \"uk\",\n            \"full_name\": \"uk\",\n            \"logo\": \"https://static.openbankproject.com/images/bnppirb/logo_bnpparibas_irb.png\",\n            \"website\": \"https://group.bnpparibas/\",\n            \"bank_routing\": {\n                \"scheme\": \"OBP\",\n                \"address\": \"bnpp.12.uk.uk\"\n            }\n        },\n        {\n            \"id\": \"bnpp.12.sg.sg\",\n            \"short_name\": \"sg\",\n            \"full_name\": \"sg\",\n            \"logo\": \"https://static.openbankproject.com/images/bnppirb/logo_bnpparibas_irb.png\",\n            \"website\": \"https://group.bnpparibas/\",\n            \"bank_routing\": {\n                \"scheme\": \"OBP\",\n                \"address\": \"bnpp.12.sg.sg\"\n            }\n        },\n        {\n            \"id\": \"bnpp.12.be.lu\",\n            \"short_name\": \"lu\",\n            \"full_name\": \"lu\",\n            \"logo\": \"https://static.openbankproject.com/images/bnppirb/logo_bnpparibas_irb.png\",\n            \"website\": \"https://group.bnpparibas/\",\n            \"bank_routing\": {\n                \"scheme\": \"OBP\",\n                \"address\": \"bnpp.12.be.lu\"\n            }\n        }\n    ]\n}","statusCode":200},"precondition":false}]}]},{"number":8,"description":"Then check for the \"bnpparibas.07.uk\" present in the list extracted","duration":7,"startTime":1525842251552,"result":"SUCCESS","precondition":false}]}],"userStory":{"id":"userstory-for-paribas-openbank-apis-testing","storyName":"UserStory for Paribas OpenBank APIs Testing","path":"OpenBank.feature","type":"feature"},"featureTag":{"name":"UserStory for Paribas OpenBank APIs Testing","type":"feature"},"title":"May9_MICROSERVICE TEST- For BNP Paribas Bank,getBanksIDs API Test","description":"","tags":[{"name":"User story for paribas open bank ap is testing","type":"feature"},{"name":"TC002_Paribas_OpenBank_getBanksIDs-US12","type":"tag"}],"startTime":1525842236275,"duration":15285,"projectKey":"","dataTable":{"headers":["BankID"],"rows":[{"values":["bnpparibas.07.uk"],"result":"SUCCESS"}],"predefinedRows":true,"dataSetDescriptors":[{"startRow":0,"rowCount":0,"name":"","description":""}]},"manual":false,"testSource":"Cucumber","result":"SUCCESS"}